2;'wK0958s1bdj';'KE HNQIS Family Planning'
3;'d6PHrjjljS1';'KE HNQIS IMCI'
4;'Iq1D7YfHYA4';'KE HNQIS Focused Antenatal Care'
5;'N5Z0gywdCKu';'KE HNQIS Post Partum IUD'
6;'O4IKyT6jfMf';'KE HNQIS Pregnancy and Delivery Complications'
7;'xNXRMVoG8Ku';'KE HNQIS Labour and Delivery'
8;'g5JtETComKt';'KE HNQIS Cervical Cancer'
9;'uQCUliBmla1';'KE HNQIS Tuberculosis'
10;'um7laExXhne';'KE HNQIS Newborn Resuscitation'
11;'rKjg29O3RFu';'KE HNQIS HIV'
12;'oKCY1HEmMBF';'KE HNQIS Hypertension'
13;'oqXy5JbmNSb';'KE HNQIS Work Environment'
